id,negative,positive
1367863266786091008,-2,2
1367860476667961349,-3,1
1367855950049251328,-3,1
1367836616442646528,-1,2
1367821301197516800,-1,1
1367820631342014472,-1,1
1367820627571261440,-1,1
1367820107628576768,-1,2
1367819835409903623,-1,1
1367818072569085953,-1,1
1367817690019209217,-1,1
1367817155048267776,-1,1
1367815218642948101,-1,1
1367813901467942918,-1,1
1367812425567903746,-1,2
1367811513763921922,-1,2
1367809833890643984,-1,2
1367809551840538625,-1,1
1367801451272155148,-1,1
1367784984833048581,-1,1
1367768908262948867,-1,1
1367765384540086276,-1,2
1367494585186934790,-1,2
1367494052132900879,-1,2
1367492224875966471,-1,1
1367488281529769987,-1,2
1367477511760797702,-1,1
1367452268929445892,-1,1
1367421510579855360,-1,1
1367146306121138179,-1,1
1367142332500475904,-1,1
1367135762022555655,-1,1
1367134425939660808,-1,1
1367134422634496015,-1,1
1367134021214474241,-1,1
1367130442013491201,-1,1
1367120620878716932,-1,1
1367111996697677831,-1,1
1367107889089904650,-1,1
1367098585796538368,-3,1
1367093088343252996,-1,1
1367089966636027904,-1,1
1367087286563852290,-1,1
1367081660408352772,-1,1
1367064680171266048,-1,1
1367064676979384320,-1,2
1367058403571490817,-2,1
1366782845117730817,-1,1
1366777572143616000,-1,1
1366773891314683907,-1,2
1366772957117362176,-1,1
1366756845256388608,-1,1
1366742130358689794,-1,1
1366708514098450434,-1,1
1366697296092672002,-1,1
1366682195067359232,-1,1
1366676088735285249,-1,1
1366674545852227589,-1,1
1366420964351836164,-1,1
1366420961264812032,-1,1
1366411577809846273,-1,1
1366400757705097217,-1,2
1366400016596803586,-1,1
1366399734060093440,-1,1
1366399728267776002,-1,1
1366396920948752387,-1,1
1366380967330463744,-2,1
1366337323852570624,-1,1
1366312566285295616,-1,1
1366310729087819776,-1,1
1365332717240545281,-1,1
1365327277073068032,-1,2
1365325660433117190,-1,1
1365325066263810048,-1,1
1365324821350002690,-1,1
1365296555759181824,-1,1
1365274776537886725,-1,1
1365260352158629888,-1,1
1365230698177699842,-1,1
1365208531260047363,-1,1
1364905046450851840,-1,1
1364886283491958787,-1,1
1364859254977486852,-1,1
1364850732290232320,-1,1
1364606154144428035,-1,1
1364603088087171082,-2,1
1364600198174035968,-1,1
1364585940023451648,-2,1
1364575676813172742,-1,1
1364563274843512832,-1,1
1364559977826893824,-1,2
1364540354779877380,-1,1
1364535537722396673,-1,1
1364520208065527810,-1,1
1364502486057369602,-1,1
1364479560859983872,-1,1
1364248177231212550,-1,1
1364243857559465988,-1,1
1364231197241585664,-2,1
1364196796529057792,-1,1
1364185832282869763,-2,1
1364181297443266561,-1,1
1364180986011992065,-1,1
1364143867256336384,-1,1
1363887330197712896,-1,1
1363881166521122816,-2,1
1363800641093722115,-1,1
1363800279112708096,-1,1
1363518062809518084,-1,1
1362790207301550088,-1,1
1362788226822508545,-1,1
1362787539522887683,-1,1
1362784125070036992,-1,1
1362744849133432834,-1,2
1362742075251425283,-2,1
1362734726361067520,-1,1
1362734175397310473,-1,1
1362727606098010119,-1,1
1362717878525509633,-1,1
1362716779026538498,-2,1
1362710376530522112,-1,1
1362435337574903808,-1,1
1362434418577707009,-1,1
1362433455209000961,-1,1
1362432249858301953,-1,2
1362345459348602882,-1,1
1362343373047296000,-1,2
1362320546906701825,-1,1
1362306527856648194,-1,1
1362298686726955010,-1,1
1362019773337509889,-1,1
1362011944077692931,-1,1
1361983707951808517,-1,1
1361951205438746625,-1,1
1361700237472108545,-1,1
1361696596027662336,-1,1
1361695343155548163,-1,1
1361681736845975556,-1,1
1361647766729064448,-1,1
1361619406313422849,-1,1
1361617338034970627,-1,1
1361590222077759488,-1,1
1361336518682570753,-1,1
1361336415171264522,-1,1
1361333958747766784,-1,1
1361330681301901319,-1,1
1361330343207403521,-1,1
1361326897557348352,-1,1
1361326845707378691,-1,1
1361325507036512257,-1,1
1361324743975198721,-1,1
1361321943690055681,-1,1
1361320072002891781,-1,2
1361316374027632645,-1,1
1361311237380923392,-1,1
1361255650278400000,-1,1
1361233098709622784,-1,1
1361032203275300868,-1,1
1360508594966396930,-1,1
1360285518987227136,-1,1
1360285017868484612,-1,1
1360283411794055168,-1,1
1360282365147381769,-1,1
1360278185884200962,-1,2
1360258514594263050,-1,1
1360257899629588483,-1,1
1360255421731209225,-1,1
1360254687807746050,-2,2
1360251886075604994,-1,1
1360246733448560645,-1,1
1360246006139547650,-1,2
1360244169906733057,-2,1
1360237674024628226,-1,1
1360237469342515201,-1,1
1360229742100828160,-1,2
1360213032190816258,-2,1
1360212627125903367,-1,1
1360203059914227715,-1,1
1360200951110520834,-1,2
1360200385890287619,-1,1
1360200342047252481,-1,1
1360198010051903488,-1,2
1360197649400553477,-1,1
1360195182591963143,-1,1
1360193330185928707,-1,1
1360192479144923141,-1,1
1360187562707603456,-1,1
1360187103913648128,-1,1
1360180116148670465,-1,1
1360179078519750658,-1,1
1360175234742177792,-1,2
1360173976211894274,-1,1
1360173125456060419,-1,1
1360173122373189633,-1,2
1360171641368702976,-1,1
1360149065653190659,-2,1
1359918420263919623,-1,2
1359918027375075334,-2,1
1359916320700129286,-1,2
1359915824845365256,-1,1
1359914048305967108,-1,2
1359913318828417029,-1,1
1359911892656005123,-2,1
1359903427858477057,-1,2
1359899278907424775,-1,2
1359887662715396100,-1,2
1359875806021976072,-1,1
1359875319973502978,-1,1
1359873563847782402,-1,1
1359867725473067011,-1,1
1359866960452980739,-1,1
1359864877393846274,-1,1
1359863334871441410,-1,2
1359863255041204225,-1,1
1359863195356250112,-1,1
1359860337571430400,-1,1
1359850402825568257,-2,2
1359847167305936898,-1,1
1359846366999117831,-1,1
1359844934816313347,-1,1
1359840679409639424,-1,1
1359834364432048128,-1,1
1359817722260054020,-1,1
1359775208735924233,-1,1
1359556762286895104,-1,1
1359543042060021761,-1,1
1359512356385140736,-1,2
1359508724814139395,-1,1
1359507747537043457,-1,1
1359505228526219266,-1,1
1359487772663439364,-1,1
1359487423567306761,-1,1
1359194130786758661,-1,1
1359156122578546705,-1,1
1359118047437611008,-1,1
1359107433310941187,-1,1
1359102992939683841,-2,1
1359102057119113219,-2,1
1359089440459796482,-1,1
1359088660214341632,-1,1
1358799035772137474,-1,1
1358744900863483905,-1,1
1358733041611505666,-1,1
1358729775758651394,-1,1
1358711806777245697,-1,1
1358697028562337794,-2,1
1358473932383346692,-1,3
1358326829392818177,-1,1
1358051377038123010,-1,1
1357994437100601346,-1,1
1357707718673510402,-1,1
1357638017700274176,-1,1
1357618492841852928,-1,1
1357615738622779392,-1,1
1357613841195163650,-1,1
1357611421174026240,-1,1
1357356498905628673,-1,1
1357341355161251846,-1,2
1357332478458023936,-1,1
1357332476620730368,-1,1
1357332473982648322,-1,1
1357332396245278723,-1,1
1357332393456095236,-1,1
1357332391598129158,-1,1
1357332389756874754,-1,1
1357332387944800256,-1,1
1357332384673333251,-1,1
1357332381846372355,-1,1
1357332308823523330,-1,1
1357332302494224387,-1,1
1357288872305192961,-1,1
1357262412869738499,-1,1
1357262400391680001,-1,1
1357250090545594370,-1,1
1357237990117040130,-1,1
1356990865932247046,-1,1
1356985315538440193,-1,1
1356970328132644866,-2,1
1356969534792605696,-1,1
1356962352705507330,-1,1
1356962046101909505,-1,1
1356961758951469057,-1,1
1356960059159425024,-1,1
1356954086550216704,-1,1
1356952833430597633,-1,1
1356952653276868609,-1,1
1356952557067853825,-1,1
1356931852322365444,-1,1
1356927492418916353,-1,1
1356684631916089344,-1,1
1356674300728721416,-1,1
1356671909354762241,-2,1
1356631764190580737,-1,1
1356630408167903235,-1,1
1356629895913369606,-1,1
1356622101969526785,-1,1
1356618238025736192,-1,1
1356615982685577216,-1,1
1356573239317774337,-1,1
1356562088953438214,-1,1
1356556408846704646,-1,1
1356556407294861315,-1,1
1356556405604577282,-1,1
1356556404098818048,-2,1
1356556401724829697,-1,1
1356556400101629954,-1,1
1356556397408886784,-1,1
1356556347505074176,-1,1
1356556287862046721,-1,1
1356556286108786693,-1,1
1356554956673810433,-1,1
1356551030784229381,-1,2
1356276459334033408,-1,1
1356258133103022083,-1,1
1356242541042163715,-1,1
1356240940231520260,-1,1
1355823382621728768,-1,2
1355197278919798785,-1,1
1355175025255591936,-1,1
1355170045878562816,-1,1
1355162674737385472,-1,1
1355157683880517638,-1,1
1355154570717110273,-1,1
1355148039451766790,-2,1
1355139352070860800,-1,1
1355135543949086722,-1,1
1355130508066357254,-1,1
1355101505683128324,-1,1
1355078666670272520,-1,1
1355075038483984385,-1,1
1355065750260764673,-1,1
1354818420194242566,-2,1
1354814146806599684,-1,2
1354805434465488896,-1,1
1354797939579871232,-1,1
1354797937402888192,-1,1
1354797934945185794,-2,1
1354797932319436803,-1,1
1354797854154342406,-1,1
1354797805399752712,-1,1
1354797728136486912,-1,1
1354797725947031558,-1,1
1354797723137015810,-1,1
1354797719408140289,-1,1
1354797717159956484,-1,1
1354793392153223170,-1,1
1354753035382231054,-1,1
1354739627257638916,-1,1
1354739622891417602,-1,1
1354729428371337216,-1,2
1354725549529292800,-1,1
1354725545850904579,-1,1
1354717943737815041,-1,1
1354706763245903874,-1,1
1354690629566083072,-1,2
1354435596073234434,-1,1
1354435132736872449,-1,1
1354418671788154880,-1,1
1354408288402567175,-1,1
1354358225118900224,-1,2
1354346737419345920,-1,1
1354084985750302723,-1,1
1354027425282322432,-2,1
1354024698913443840,-1,1
1354024602280849410,-1,1
1354024459414499330,-1,1
1354019104345231360,-1,2
1354016509400645639,-1,1
1354015742879031296,-1,1
1353994580690087936,-1,1
1353993636518780928,-1,1
1353992694863962112,-1,2
1353982760164192257,-1,1
1353980355284512768,-3,1
1353980270744117252,-1,1
1353964667337666560,-1,1
1353964396947636230,-1,1
1353704860307361794,-1,1
1353703847806558211,-1,1
1353696143843143681,-1,1
1353695681580589063,-1,1
1353692070104494080,-1,1
1353691936377499650,-1,1
1353691865913155584,-1,1
1353685775758589952,-1,1
1353683528882528256,-1,1
1353673439962345474,-1,1
1353668524212944896,-1,1
1353657090984849410,-1,1
1353656721370132481,-1,1
1353655483190677504,-1,1
1353653749995216897,-2,1
1353642792447340546,-1,1
1353625894301085696,-3,2
1353334356090249218,-1,1
1352658975251181569,-1,1
1352656618530484227,-1,1
1352651364736839682,-1,1
1352640307230347266,-1,1
1352638252767997952,-1,1
1352622948583137280,-1,1
1352614571874390017,-1,1
1352566362858774528,-1,1
1352565765191446528,-1,1
1352549107295006726,-1,1
1352521949537296384,-1,1
1352357884571607042,-1,1
1352306959282823169,-1,1
1352306957772795904,-1,1
1352282060388503554,-1,1
1352270032865284096,-1,1
1352267694666637317,-1,1
1352227608470179841,-1,1
1352226162110590981,-1,1
1352225430615584769,-1,1
1352222236216844289,-1,1
1352221909753212928,-1,1
1352220600480239616,-1,1
1352216781256073217,-1,1
1352185278614691841,-1,1
1352179784969822209,-1,1
1352160512478470145,-1,1
1351911354098196480,-1,1
1351909919713357836,-1,1
1351905416251322369,-1,1
1351901231422300160,-1,1
1351899232475738112,-1,1
1351898064269807617,-1,2
1351897474793951233,-1,2
1351896017348792325,-1,1
1351895514057498625,-1,1
1351837032742576128,-3,1
1351824585633759240,-1,1
1351815767973629957,-1,1
1351810821857357824,-2,1
1351584480562176000,-1,1
1351569771775602688,-1,1
1351567152801865728,-1,1
1351535136496623618,-1,1
1351527581921783811,-1,1
1351507205946748929,-1,1
1351495990990286848,-2,1
1351485622347821057,-1,1
1351451796959612928,-2,1
1351186663884677125,-1,1
1351176479514767363,-1,1
1351161537239638020,-1,1
1351137377700503559,-1,1
1351136101747056640,-1,1
1351122364516466692,-1,1
1351120753882763267,-1,1
1351101016855470081,-1,1
1351099876394872836,-1,1
1350102568094093314,-2,1
1350092787807563776,-2,1
1350071299394195456,-1,1
1350052995480879104,-1,1
1350045832230408193,-1,2
1350037484479119362,-1,1
1350009671638265857,-1,1
1349976487009652736,-1,1
1349753577435262981,-1,1
1349706865303822339,-1,1
1349706862090997765,-1,1
1349699573028106242,-1,2
1349698385369051136,-1,1
1349671267612422144,-1,1
1349671009784262656,-1,1
1349433946313011201,-1,1
1349289741766766592,-1,1
1349270158695669760,-1,1
1349070467706007554,-1,1
1349018626779729924,-1,2
1349010088950984706,-1,1
1349008248419065857,-1,1
1349008238793134084,-1,2
1348911542104973313,-1,1
1348906161953763331,-1,1
1348687050824937475,-1,1
1348641255903948800,-1,1
1348638135211667456,-1,1
1348637845376933888,-1,1
1348626738985766923,-1,1
1348623072409112578,-1,1
1348613128507039747,-1,1
1348611015001464832,-1,1
1348611013701214210,-1,1
1348611012296134658,-1,1
1348611010429640705,-1,1
1348611006449278977,-1,1
1348611002166890499,-1,1
1348592034681073664,-1,1
1348592030063226887,-1,2
1347571910532624384,-1,1
1347545764038324226,-1,1
1347545760691322880,-1,1
1347529621240213504,-1,1
1347529617435979777,-1,1
1347529193123438592,-1,1
1347529190032207872,-1,1
1347528850205532161,-1,1
1347528846443220992,-1,1
1347506631588917248,-1,1
1347458494560165888,-1,1
1347210163032305669,-1,1
1347209683015258113,-1,1
1347202266953109506,-1,1
1347201823887806465,-1,2
1347197468526710784,-1,1
1347194191030456321,-1,2
1347192691948474369,-1,1
1347192051423719427,-1,1
1347191884045819906,-1,1
1347186805548978180,-1,1
1347185714300133377,-1,1
1347185474738282496,-1,1
1347185300376866817,-1,1
1347182408584622081,-1,1
1347179552859152386,-1,1
1347155877745274880,-2,1
1347143500689788928,-1,1
1347123657420767232,-1,2
1346849986735202310,-1,1
1346838817391726594,-1,1
1346811558442258432,-1,1
1346796276516589568,-1,1
1346764495771860992,-1,1
1346760804910170113,-1,1
1346755658696306689,-1,1
1346743482845638657,-1,1
1346722850821058560,-1,1
1346546178331185152,-3,1
1346479839746818058,-1,2
1346477396166205447,-1,1
1346472634821664768,-1,1
1346471516750241793,-1,1
1346470885360766976,-1,1
1346446816427044867,-1,2
1346446485735485441,-1,2
1346437613893406723,-1,1
1346114742058938369,-1,1
1346091312643272704,-1,1
1346082282118008832,-1,2
1344300853721763841,-1,1
1344296601087582208,-1,1
1344296189609574400,-1,1
1344287103966965761,-1,1
1344278552179601413,-1,1
1344278075467571201,-2,1
1344267241861357571,-1,1
1344212759416868864,-1,1
1343931603081457664,-1,1
1342127048773545984,-1,1
1342082596277280769,-1,1
1341719875623014403,-1,1
1341715451928326144,-2,1
1341713165466415104,-1,1
1341405258224963594,-1,1
1341367403847020548,-1,1
1341361847799300099,-1,1
1341348998314078208,-1,1
1341296656877297666,-1,1
1341021327294132225,-1,1
1340973343445495808,-1,1
1339931325504090112,-1,1
1339928618399657984,-1,1
1339903463292059650,-1,1
1339623757451804672,-1,1
1339553830468526080,-3,1
1339528297630330880,-1,2
1339489160160264192,-1,1
1339190208366047233,-1,1
1339138988263825410,-1,1
1339138980936290305,-1,1
1338870715924303872,-2,1
1338862292826345477,-1,1
1338856203418365952,-1,1
1338852059324456960,-1,1
1338850032569683971,-1,1
1338831184185454593,-1,1
1338816449087987713,-1,1
1338801452240826369,-1,1
1338767121782857729,-1,1
1338766404477128708,-1,1
1338744172224929794,-1,1
1338566292404645889,-1,1
1338555390976528387,-1,1
1338513773699756032,-1,1
1338512756924952579,-1,1
1338505441916162050,-1,1
1338215782854037509,-1,1
1337417047697973253,-1,1
1337405096196517888,-1,1
1337397053719252992,-1,2
1337384682175012864,-1,1
1337384269866479617,-1,1
1337379398467661824,-1,1
1337378902948405249,-1,1
1337044550800596995,-2,1
1337044548716007424,-1,1
1337044544806924289,-1,1
1337044542713950208,-1,1
1337044540482576402,-1,1
1337044538628714498,-1,1
1336974192768675840,-1,2
1336972062578139141,-1,1
1336964126048997376,-1,1
1336952404131147779,-1,1
1336678440334929926,-1,1
1336673668873801732,-1,1
1336652873699106817,-1,1
1336652870268153856,-1,1
1336652868850491392,-1,1
1336652867533479937,-1,1
1336652866140958727,-1,1
1336652864677171203,-1,1
1336642710158123009,-1,1
1336617113147072514,-1,1
1336603806939951104,-1,1
1336376449478123520,-1,1
1336330021636505616,-1,1
1336320961662971905,-1,1
1336318264121561088,-1,1
1336307303260282883,-1,1
1336249058495782912,-1,1
1336247834362974208,-1,1
1336247337358942208,-1,1
1336236718211600384,-1,1
1335982801854795777,-1,1
1335977471087419392,-1,1
1335977235778514945,-1,1
1335940461995896833,-1,1
1335902890800635904,-1,1
1334868539145146368,-1,1
1334860067934531589,-1,1
1334829071616905216,-1,1
1334828494866558976,-1,1
1334827691804143618,-3,1
1334811913637785600,-1,1
1334811912090099713,-1,1
1334811910823407616,-1,1
1334811909275734016,-1,1
1334811907895812097,-1,1
1334811906310348800,-1,1
1334811904062222337,-1,1
1334785000496099333,-1,1
1334516997632241665,-1,1
1334513323556171777,-1,1
1334485386857500673,-1,1
1334484339892088838,-1,1
1334444311354740739,-1,1
1334139177139654660,-1,1
1334117709831921665,-1,1
1334108609748348928,-1,1
1334079563551432709,-1,1
1334079559885582338,-1,1
1334045018378694656,-1,1
1333809605005238272,-1,1
1333799233627979780,-1,1
1333781694793490432,-1,1
1333774760380141570,-1,1
1333774513729888257,-1,1
1333771659359252480,-1,1
1333762434843226113,-1,1
1333762165099143171,-1,1
1333722988622065665,-1,1
1333722412823797766,-1,1
1333715155755163649,-1,1
1333705772446969857,-1,1
1333415006000517121,-1,1
1333405864825335809,-1,1
1333373986235879432,-1,1
1333354877603504129,-1,1
1333336514412089344,-1,1
1333328356960575488,-1,1
1332369663238549506,-1,1
1332345959897067523,-1,1
1332342192984231936,-1,1
1332336067589103618,-1,2
1332331780226109442,-1,1
1332315339762364418,-1,1
1332315164520173568,-1,1
1332314524767154178,-1,2
1332313711550353409,-1,1
1332313698141134856,-1,2
1332313695167385601,-1,1
1332313691904237569,-1,1
1332310086501457922,-1,1
1332252660586729475,-1,1
1332036135699296257,-1,1
1332008339488854017,-1,1
1331967448288030720,-1,1
1331967391023190016,-1,2
1331963538424860672,-1,1
1331963535316963336,-3,1
1331963529562361857,-1,1
1331952734602465283,-1,1
1331952674108006401,-1,1
1331948071413047297,-1,1
1331943828954230800,-3,1
1331943401617494017,-1,1
1331943329492242438,-3,1
1331940343282065408,-1,1
1331940165779066881,-1,1
1331924041666613255,-1,1
1331918017744297984,-1,1
1331876996129972226,-1,1
1331623818515927041,-1,1
1331611703562350592,-1,1
1331611355862982656,-1,1
1331611001750511619,-1,1
1331603317223518209,-1,1
1331596049539063809,-1,1
1331575264963399680,-1,1
1331533878536900610,-1,1
1331533764275691520,-1,1
1331533760987336706,-1,1
1331531916009467907,-1,1
1331530471059185665,-1,1
1331529047516516352,-1,1
1331528471860932611,-1,1
1331527026965098498,-1,1
1331231146890436609,-1,1
1331192291080409089,-1,1
1330860073887936512,-1,1
1330576577831297026,-1,1
1329852862248185857,-1,2
1329838921807765511,-1,1
1329829345045647361,-1,1
1329748197380677634,-1,1
1329420896172380161,-1,1
1329379342066085888,-1,1
1329368288263024641,-1,1
1329351435742482433,-1,1
1329074975181922308,-1,2
1329074819715923984,-1,1
1329068179637694466,-1,2
1329068176500543491,-1,2
1329065980937580546,-1,1
1329037292330242048,-1,1
1329016144129355777,-2,1
1329014881329307655,-1,1
1329001536236761090,-1,1
1328987215922335745,-1,1
1328973704861245441,-1,1
1328773615261782016,-2,1
1328694325681721344,-1,1
1328678914512859136,-2,1
1328634611795177473,-1,1
1328625852628791297,-1,1
1328612159488716802,-1,1
1328331819025113088,-1,1
1328310608203276289,-1,1
1328306848437506049,-1,1
1328305782769774594,-1,1
1328298667351175168,-2,1
1328298665249746945,-1,1
1328298663177842694,-1,1
1328298660925411328,-1,1
1328298658194984963,-1,1
1328298656274014208,-1,1
1328298654269104128,-2,1
1328298651869990913,-2,1
1328298649269526533,-2,1
1328298646711005184,-2,1
1328298644706111488,-2,1
1328298639295438850,-2,1
1328298636627808256,-2,1
1328298633662521350,-2,1
1328255543304130561,-1,1
1327271794559037445,-2,1
1327253461562494979,-1,1
1327252435136606208,-1,1
1327251692090499074,-1,1
1327236714822328320,-1,1
1327231395329150976,-1,2
1327223139156299776,-1,1
1327219809323544576,-1,2
1327202313417748481,-1,2
1326928522460409857,-1,2
1326926306580312064,-1,1
1326925537932152833,-2,1
1326925126106050564,-1,1
1326924114993549312,-1,1
1326919780075499521,-1,1
1326917484453228558,-1,2
1326877910620401665,-1,2
1326850440085037058,-1,1
1326842064726847488,-1,1
1326836561921667074,-1,1
1326796989468643328,-1,1
1326548357456699392,-1,1
1326544772526350340,-1,1
1326544769238016000,-1,1
1326539937777242118,-1,1
1326535759017332737,-1,1
1326535755401818120,-1,1
1326535239355691009,-1,1
1326535235522060288,-1,1
1326535231982034944,-1,1
1326534954914738176,-1,1
1326534947272761347,-1,1
1326534768628912133,-1,1
1326534765554540549,-1,1
1326534564043390978,-1,1
1326534560381759493,-1,1
1326534555000430592,-1,1
1326534490689204226,-1,1
1326534487467991043,-1,1
1326534293007462403,-1,1
1326534289798750215,-1,1
1326534142046056451,-1,1
1326534138816393224,-1,1
1326534117266083840,-1,1
1326534113625473039,-1,1
1326533187489595397,-1,1
1326532348741996545,-1,1
1326522051683885056,-1,1
1326513335823720448,-1,1
1326493384933068803,-2,1
1326491947851264002,-1,1
1326452901460529157,-1,1
1326181254744723457,-1,2
1326167497255563264,-1,1
1326124321560023040,-1,1
1326106406244782080,-1,1
1326089168074797064,-1,1
1326077966619729921,-1,1
1326066020965085185,-1,1
1325807276398096384,-1,1
1325802240754511873,-1,2
1325766580949684224,-3,1
1325765529785733120,-1,1
1325761982109278211,-2,1
1325761920796930051,-1,1
1325761691095867393,-1,1
1325751652897460224,-1,1
1325743701256245249,-1,1
1325073833783660544,-1,2
1325073284082388993,-1,1
1325051177348853761,-1,1
1325051050219466752,-1,1
1325050566913961984,-1,1
1325031613529534464,-1,1
1324761899314094088,-1,1
1324720125635973120,-1,1
1324720123656179714,-1,1
1324720119197696000,-1,1
1324720112692318208,-1,1
1324720102294622208,-1,1
1324720099920674817,-1,1
1324720097836077058,-1,1
1324720096040919040,-1,1
1324720094208008193,-1,1
1324693462445416450,-1,1
1324693456569225224,-1,1
1324689611596115968,-1,1
1324659278549000193,-1,1
1324659016480497664,-1,1
1324655804037910528,-1,1
1324644284960833536,-1,1
1324417813306552322,-1,1
1324360545697497095,-1,2
1324359566268706823,-1,1
1324358657518276609,-1,1
1324357061514268672,-2,2
1324354846678487042,-1,1
1324344711990124545,-1,1
1324320670654865409,-1,1
1324317949524660225,-1,1
1324272937369829382,-1,1
1324272931875282944,-1,1
1324271060687245313,-1,2
1324264974915674113,-1,2
1324262690043428866,-1,1
1324011529499512832,-1,1
1323981229671260161,-1,1
1323980910761517057,-1,1
1323973876687228930,-1,1
1323972799120199682,-1,1
1323961147641470979,-1,1
1323950594252541952,-1,1
1323939785845735424,-1,1
1323927147292086272,-1,1
1323918424167354370,-1,1
1323906047384440833,-1,1
1323900521745448962,-1,1
1323703218774380546,-2,1
1323636527528857601,-1,1
1323625747634884608,-1,1
1323571099230228481,-1,1
1323569052816728066,-1,1
1323547899096125440,-1,2
1323533676135780352,-1,2
1323322675410968588,-1,1
1323318889917403137,-1,1
1323298078783377409,-1,1
1323283983610904576,-1,1
1323263835541831681,-1,2
1323245888148545536,-1,1
1323239504807866368,-1,1
1323237950155612160,-1,1
1323231084969156612,-1,1
1323224701074898945,-2,1
1323221007923060736,-2,1
1323214623621992449,-1,1
1323204639970545665,-1,1
1323195131290411011,-1,1
1323194282694639616,-1,1
1322213507622985730,-1,1
1322213471283482625,-1,1
1322213469379272704,-1,2
1322213467290537985,-1,1
1322213465570873344,-1,1
1322213463645630464,-1,1
1322213461598834690,-1,1
1322165899755966464,-1,1
1322164276312842242,-1,1
1322141981385068544,-1,1
1322117366877167616,-1,1
1322093777117470720,-1,1
1322085989574184960,-1,1
1321861896841142278,-1,2
1321859234951213056,-1,1
1321812014344376320,-1,1
1321796439119433728,-1,1
1321756288683040769,-1,1
1321388918898630657,-1,1
1321372535267725313,-1,1
1321088563983884288,-1,1
1321084381721698305,-1,1
1321060142964707331,-2,1
1320748852010459136,-3,1
1320676600241922048,-1,1
1320613843362631681,-1,1
1319913620919255042,-1,1
1319642757250617349,-1,1
1319634033895157761,-1,1
1319633000603279360,-1,1
1319629046578335746,-1,1
1319629044225277968,-1,1
1319629041889087490,-1,1
1319629038181376000,-1,1
1319629035874537472,-1,1
1319629033865383937,-1,1
1319629030996529152,-1,1
1319629029348200448,-1,1
1319629027246772231,-1,1
1319617517082583040,-1,2
1319594307800674304,-1,1
1319592705429786624,-1,2
1319556575577726976,-1,1
1319553119668273152,-1,1
1319293323547324417,-1,1
1319280975537340431,-1,1
1319266557386604544,-2,1
1319266066284109826,-1,1
1319265863430799360,-1,1
1319245636118712321,-1,1
1319245627662938113,-1,1
1319245621996494849,-1,1
1319245616749383680,-1,1
1319215290220187648,-1,2
1319206113464799238,-1,1
1318914098738974726,-1,1
1318911421460205572,-1,1
1318881404797714433,-1,2
1318868875296100352,-1,2
1318860563137597442,-1,1
1318857118909403136,-1,1
1318833970511949825,-1,1
1318564765401337857,-2,1
1318562616751624193,-1,1
1318555759584698373,-1,2
1318548765213642754,-1,1
1318533599029792768,-1,2
1318530921163796480,-1,1
1318504637624930304,-1,2
1318468312637050880,-1,2
1318217432465637376,-1,1
1318138151240634368,-1,1
1318135331175137283,-1,1
1318128844100993027,-1,1
1318127782602395648,-1,1
1318124868119023616,-1,1
1318124471086125058,-1,1
1318123677272182792,-1,1
1318122933324230656,-1,1
1318120768463622144,-1,1
1318118257639985152,-1,1
1318102713402609664,-1,1
1317183762799656960,-1,1
1317124041208172545,-1,1
1317123046499647489,-1,1
1317120478255919109,-1,1
1317119899043614720,-1,1
1317093055284076546,-1,2
1317093046085976064,-2,1
1317091661160337408,-1,1
1317091659470065664,-2,2
1317091658002014214,-1,1
1317091656483692544,-1,1
1317091655045042176,-1,1
1317091653308612608,-1,1
1317091651777667076,-2,1
1317091650229948416,-1,1
1317091647826612230,-1,1
1317029157608574977,-1,1
1317010849161236480,-1,1
1316719735493533696,-1,1
1316715636387655680,-1,1
1316710504467922946,-2,1
1316702231694053376,-2,1
1316653548298477568,-1,1
1316396151923445761,-2,1
1316396147720716289,-1,1
1316377342541991937,-1,1
1316367295313326086,-1,1
1316366710803435520,-1,1
1316366574408867841,-1,1
1316366094110781441,-1,1
1316365637795676160,-1,1
1316349698337394688,-1,2
1316349561707933696,-1,1
1316349311886729216,-1,1
1316315213403172864,-1,1
1316279227470282752,-1,1
1316276655078469632,-1,1
1316070104023609346,-1,1
1315996340883730432,-1,1
1315993723751329793,-1,1
1315918645890027520,-1,2
1315649208389689345,-1,1
1315641742230773761,-1,1
1315638908508659714,-1,1
1315637238278098946,-1,1
1315632750209183744,-1,1
1315593308148838404,-1,1
1314922543254511619,-1,1
1314562121951305730,-1,1
1314535636456570881,-1,1
1314514310027194368,-2,1
1314514308404072448,-1,1
1314514306826940417,-1,1
1314514305212186624,-1,1
1314514303345664004,-1,1
1314514301806415872,-1,1
1314514300292210690,-1,1
1314514297863770113,-2,1
1314224882272661509,-1,1
1314217130557014017,-1,1
1314200024708837376,-1,1
1314199439586648064,-1,1
1314195501156163584,-1,1
1314190437784211464,-1,1
1314185040650268672,-1,1
1314184647761367040,-1,1
1314182915203497986,-2,1
1314181370042888192,-1,1
1314181028265811971,-1,1
1314164771151847425,-1,1
1314158375425454080,-1,1
1314156742918508544,-1,1
1314144745111859200,-1,1
1314140438178271234,-1,1
1314139681861382145,-1,1
1314138837015310336,-1,1
1314138710254985217,-1,1
1314127443817566208,-1,1
1314116171021668352,-1,1
1314114437041795073,-1,1
1313871077366525952,-1,1
1313869568260046849,-1,3
1313837741784870918,-1,1
1313837377220161537,-1,1
1313836507900379137,-1,1
1313833617811009536,-1,1
1313823763537047553,-1,1
1313821546901843968,-1,1
1313785883213074432,-1,1
1313784800134782976,-1,1
1313784342532042754,-1,1
1313777740999524363,-1,1
1313764671082631170,-1,1
1313758452301344768,-1,1
1313757653181628421,-1,1
1313754747829202946,-1,1
1313754685568933888,-1,1
1313751102995734529,-3,1
1313467723314352134,-1,1
1313467720281845761,-1,1
1313458175425884164,-1,1
1313455751495643136,-1,1
1313429866432401408,-2,1
1313403796131807232,-1,1
1313390708871622656,-1,1
1313377014624251904,-1,1
1313116605996584960,-1,1
1313116604037844992,-1,1
1313116601852612608,-2,1
1313116600078405632,-1,1
1313116598362943495,-2,1
1313116596458713088,-1,1
1313116592390254593,-1,1
1313116590620184576,-2,1
1313116587923320833,-1,1
1313056463229681665,-1,1
1313033867641720832,-1,1
1311999556129902593,-1,2
1311987196308713472,-1,3
1311695347073286144,-1,1
1311695196069953536,-1,1
1311695123768578048,-1,1
1311695025101774848,-1,1
1311694961151098882,-1,1
1311694785049235457,-1,1
1311694721165799424,-1,1
1311694440868782085,-1,1
1311694367699197952,-1,1
1311693928282968064,-1,1
1311693782589624326,-1,1
1311693206740971521,-1,1
1311693149769695232,-1,1
1311693067624288257,-1,1
1311691930812723209,-1,1
1311691529174634496,-1,1
1311688449104240645,-1,1
1311688365146804230,-1,1
1311688249614663682,-1,1
1311665943446126596,-1,1
1311642446909124609,-1,1
1311561505360556033,-1,2
1311334825807282178,-1,1
1311313722040868866,-1,1
1311312005056397312,-1,1
1311311597483294722,-1,1
1311284722300059649,-1,1
1311279007120449542,-1,2
1311275165284790272,-1,2
1311259712902565889,-2,1
1311243734424711170,-1,1
1310943337562755075,-1,1
1310918678737805312,-1,1
1310917998035767298,-1,1
1310915605294350337,-1,1
1310866600678117378,-1,1
1310865486310256642,-1,1
1310830682978033664,-1,1
1310639199410966529,-1,1
1309118040802549760,-1,2
1309080693352337410,-1,2
1309078844519993351,-1,1
1309056245551243265,-1,2
1308732161508376583,-1,1
1308719994243555328,-2,2
1308416577491152901,-1,1
1308413744758882306,-3,1
1308410965428498433,-1,1
1308395450656067587,-1,1
1308392785112858626,-1,1
1308380191224459265,-1,1
1308378894958034944,-1,2
1308347260951048193,-1,1
1308344607126753282,-1,1
1308315614012997633,-1,1
1308310595666677760,-1,2
1308045116318404615,-1,1
1308034199568482304,-1,1
1307984554385453056,-1,2
1307937671550033921,-1,2
1307013689279741960,-3,1
1306983499224809484,-1,1
1306954956583383040,-1,1
1306929933483208704,-1,2
1306603994819723264,-1,1
1306595446551273476,-1,2
1306589924057997312,-1,1
1306566842849394689,-1,1
1306566505329496065,-1,1
1306562015020961793,-1,1
1306519040505065474,-1,1
1306509536887480320,-2,2
1306506775928205314,-1,1
1306242890595799045,-1,1
1306225755219800064,-2,1
1306225643085070337,-2,1
1306225540899241984,-2,1
1306218910707052547,-1,1
1306202658508812293,-1,1
1306192079194853377,-1,1
1306160103318597633,-1,1
1306135456208351233,-1,1
1305877477106085888,-1,1
1305873476331483138,-1,1
1305848392317390851,-1,1
1305838172195172353,-1,1
1305823785883328515,-1,1
1305818927482667014,-1,1
1305813635080560640,-1,1
1305812862724640769,-1,1
1305768264249769985,-1,1
1305515206760706048,-1,1
1305498080092004353,-1,1
1305497813539749893,-1,1
1305494960037335041,-1,1
1305491015449575425,-1,1
1305491012329103360,-1,1
1305477845716738048,-1,1
1305477239405006848,-1,1
1305476244549636097,-1,1
1305475392959131650,-1,1
1305472984833024000,-1,1
1305472873843359744,-1,1
1305468761609297922,-1,2
1305468123890450432,-1,1
1305468119553658880,-1,1
1305451591273766913,-1,1
1305443425790107648,-1,2
1305441570657898496,-1,1
1305437308213243904,-1,2
1305419897942544385,-1,1
1304381676664115200,-1,2
1304323282842390529,-1,1
1304320001562816513,-1,1
1304306451549245440,-1,1
1304306448780922882,-1,1
1304056383835435008,-1,1
1304053929517473793,-1,1
1304041676718125058,-1,1
1304014930690166784,-1,1
1304006051566682113,-1,1
1303978220644073472,-1,1
1303679118555439105,-1,1
1303675825544466432,-1,1
1303673093748031491,-1,1
1303671268865191936,-1,1
1303632550523482112,-1,1
1303596448135643136,-1,1
1303596195881910274,-1,1
1303587137795895296,-1,1
1303587134767595520,-1,1
1303585007735373824,-1,1
1303347230385016833,-1,1
1303342766211072002,-1,1
1303329644926693376,-1,1
1303328438292549638,-1,1
1303328290640453633,-1,1
1303327096996007938,-1,1
1303324925227393024,-1,2
1303324398217199617,-1,1
1303323486492995584,-3,1
1303322847914401792,-1,1
1303309072008126467,-1,1
1303306873777651714,-1,1
1303279522490576896,-1,1
1303279333516161024,-1,1
1303253393104875521,-1,1
1303235303273095168,-1,1
1303234907402113025,-1,1
1303226665032658949,-1,1
1303223282615963648,-3,1
1302909222821257218,-1,1
1302891329022816258,-1,1
1302887160790609922,-1,1
1302871618021134336,-1,1
1302870481654231040,-1,1
1301889621954121731,-1,1
1301866519907966977,-1,1
1301865281342631941,-1,1
1301811746269732864,-1,1
1301806384384745472,-1,1
1301803875394093056,-1,1
1301803871543521280,-1,1
1301803299721687040,-3,1
1301802957730656256,-1,1
1301566688685690886,-1,1
1301498779791749121,-1,2
1301470811853934593,-1,1
1301460383258079232,-1,1
1301449900073377792,-1,1
1301160356413399041,-1,1
1301153029413056512,-1,2
1301130956489871360,-1,1
1301100746788818945,-1,1
1301100334421598208,-1,1
1301100030082854912,-1,1
1301090271829151745,-1,1
1301089514400763906,-1,1
1301080968162402305,-1,1
1301079615281287169,-1,1
1301068969110052864,-1,1
1301066750692335616,-1,1
1301065159272787969,-1,1
1301059860260417539,-1,1
1301059814697689088,-1,1
1300850248152231937,-1,1
1300815133602709504,-1,1
1300770744339763200,-1,1
1300718660986773504,-1,2
1300704148694994944,-1,1
1300692462302908417,-1,1
1300691605842726912,-2,1
1300439909405208578,-1,1
1300439658342551554,-1,2
1300392836387483657,-1,1
1299368780737515523,-1,2
1299272387716841473,-1,1
1299263958063382528,-1,1
1298900341849817088,-1,1
1298883203965620224,-1,1
1298878527392055296,-1,1
1298867313500979200,-1,1
1298607026751365132,-1,1
1298601072643248130,-1,1
1298599003274317825,-1,1
1298590720786345990,-1,1
1298590717137301504,-1,1
1298587269788512262,-1,1
1298586766727880709,-1,1
1298584441808396288,-1,2
1298529108234829825,-1,1
1298529104829059072,-1,1
1298524324371083264,-1,1
1298524320503824385,-1,1
1298256410631790593,-1,1
1298240689311014913,-1,1
1298239398224461824,-1,1
1298239303433289729,-1,1
1298237948681433090,-1,1
1298235459060080640,-1,1
1298235052254466049,-1,1
1298230091256930307,-1,1
1298224690834690054,-1,1
1298224687831568384,-1,1
1298201922860654594,-1,1
1298183543240171520,-1,1
1298161440277368832,-1,1
1297896748120182791,-1,2
1297896524463190019,-1,1
1297896521418051586,-1,1
1297884226218491904,-1,1
1297873542927863808,-1,1
1297870531333697538,-1,1
1297861547864346627,-1,1
1297830834569961472,-1,1
1297830136612564992,-1,1
1297818419648253952,-1,1
1297816093785022464,-1,1
1297815092625580033,-1,1
1297806584966533122,-1,1
1297800075826143232,-1,1
1296815621989072898,-1,1
1296803257088606211,-1,1
1296793503918432257,-1,1
1296789690264231940,-1,2
1296785785967042560,-1,1
1296785732540006400,-1,1
1296773335024640001,-4,1
1296772001856716800,-1,1
1296769089642340352,-1,1
1296767055216214017,-1,1
1296765156144353286,-1,1
1296763548094345217,-1,2
1296762974703702016,-1,1
1296762656427319296,-1,2
1296758585834315777,-1,2
1296748732826947584,-1,1
1296745128967712768,-1,1
1296744874709000199,-1,1
1296743205577396225,-1,1
1296741996615393281,-1,1
1296741993180168192,-1,1
1296738439317131264,-1,1
1296731302306209793,-1,2
1296726733551476739,-1,1
1296726330952884224,-1,1
1296726050563596289,-1,1
1296725607431254018,-1,2
1296725604067409920,-1,1
1296712960711286790,-1,1
1296712573518217216,-1,1
1296712301706452992,-1,1
1296431417367441408,-1,1
1296431317303820290,-1,1
1296430921483194372,-1,1
1296083538702471170,-1,1
1296081725337067527,-1,1
1296081232258834432,-1,1
1296057427595534340,-1,1
1296056531016876033,-1,1
1296046769235734528,-1,1
1296045091900055562,-2,1
1296043812498952192,-1,2
1296043368905154565,-1,1
1296029640637677570,-1,2
1296029218279694336,-1,1
1296028863051575296,-1,2
1296023779991261184,-1,1
1296020751972278274,-1,2
1296020524452249600,-1,1
1296001146478370817,-1,1
1295996606077194243,-1,1
1295992298191413250,-1,1
1295992294919766017,-1,1
1295980723153895424,-3,1
1295773812320079878,-1,1
1295765502611140608,-1,1
1295731133536141316,-1,1
1295696636342149120,-1,1
1295674777869455366,-1,2
1295661296008994817,-1,1
1295648623770902528,-1,2
1295622949563707392,-1,1
1295406021775630337,-1,1
1295371992707796993,-1,1
1295365890037485568,-1,2
1294239227182555136,-1,1
1294234006834286593,-2,1
1294205893484085249,-1,1
1294194521153122304,-1,1
1294183369945812993,-1,1
1293909483530248194,-1,1
1293881261983961088,-1,2
1293865584434851840,-1,1
1293834081143336963,-1,1
1293819661168107520,-1,1
1293816683124133890,-1,1
1293814338697023494,-1,1
1293554694783225856,-1,1
1293538763604463621,-1,1
1293537891394748422,-1,1
1293527767527706631,-1,1
1293525001321226242,-1,2
1293514629654687744,-1,1
1293470861576503297,-1,1
1293460923882110976,-1,1
1293459731089104897,-1,1
1293458817003462656,-3,1
1293456555766165504,-1,1
1293456443262275584,-1,1
1293455584222740482,-1,1
1293453999765684224,-1,1
1293450340864536577,-2,1
1293447735899807744,-1,2
1293442741695913984,-1,1
1293199204387622912,-1,1
1293187133755162624,-1,1
1293184151907004417,-1,1
1293184148538966018,-1,1
1293183532018278400,-1,1
1293174242452942851,-1,1
1293174239516921858,-2,1
1293166649693163521,-1,1
1293166646606082048,-1,1
1293166643321999363,-1,1
1293163022245138433,-1,1
1293161170132766721,-1,1
1293147550766202880,-1,1
1293139747947401216,-1,1
1293130333588795392,-1,1
1293119318700494849,-1,1
1293101816486539264,-1,1
1292826110464581633,-1,1
1292825742129147906,-2,1
1292823095594618881,-1,1
1292817017301540867,-1,1
1292815143760531457,-1,2
1292814393508614144,-1,1
1292756470661099520,-1,1
1292754100740919301,-1,1
1292733419756163073,-1,2
1292388357486542850,-1,1
1292098931153874944,-1,2
1292097428687147008,-1,1
1292052898390642688,-1,1
1292028000540733440,-1,1
1292000414817124353,-1,1
1291991419788439552,-1,1
1291740852738568193,-1,1
1291739986757394433,-1,1
1291737954453422081,-1,1
1291735324633309184,-1,1
1291733745523884034,-1,1
1291720868176035840,-1,1
1291676099324387328,-1,1
1291658062391136256,-1,2
1291633751315886081,-1,2
1291627375093047296,-1,1
1291423831891025920,-1,1
1291375752143937537,-1,1
1291375329978789889,-1,1
1291371496540184582,-1,1
1291371284551667712,-1,1
1291367963942060032,-1,2
1291367159743098883,-1,2
1291366849574244352,-1,2
1291365757578883072,-1,1
1291364855174266885,-1,2
1291343373534724097,-1,1
1291339268250640384,-1,1
1291335223821697026,-1,1
1291332828031049729,-1,1
1291300989736292352,-1,2
1291297602772840451,-1,1
1291282976832135168,-1,1
1291277610815823872,-1,1
1291063201648574464,-1,1
1291023502330429441,-1,1
1291011656403890177,-1,2
1291011606990729216,-1,1
1291011532181196803,-1,1
1291011472978477056,-1,1
1291001910124843008,-1,1
1290994616276258816,-1,1
1290965887688814592,-1,1
1290649137638248449,-1,1
1290643255466569733,-1,1
1290633904429375489,-1,1
1290633877179052032,-1,1
1290633567803002881,-1,1
1290633538845409281,-1,1
1290633276252737537,-1,1
1290633273207656448,-1,1
1290622289193709573,-1,1
1290620919791194114,-1,1
1290578365875982341,-1,2
1290577464025112576,-1,1
1290257508343222272,-1,1
1290193437313175552,-3,1
1289161846587613189,-1,1
1289138993049870339,-2,1
1289108684132556801,-1,2
1289087033605001216,-1,2
1288816435217784832,-1,1
1288812018347192320,-1,1
1288788882331443202,-1,1
1288737536626642946,-1,1
1288398502431797248,-1,1
1288395973392310274,-1,1
1288118648964448258,-1,2
1288089136881164290,-1,1
1288086020525903877,-1,1
1288074951753310209,-1,1
1287747928086511616,-1,1
1287722505185234947,-3,1
1287710057422114816,-1,1
1287708304899219456,-1,1
1286631393762652160,-1,1
1286595270613106688,-1,1
1286577648630718467,-1,1
1286575008001728512,-1,1
1286573694211563520,-1,1
1286297109969371137,-1,1
1286296278033408001,-1,1
1286288167763619846,-1,1
1286263414747168768,-2,2
1286229858473971714,-2,2
1286228476446613504,-1,2
1286186714583662592,-1,1
1285937638214709249,-1,1
1285885174174175233,-2,1
1285820165792436225,-1,1
1285625708233064449,-1,1
1285571086185267201,-1,1
1285556149409001472,-1,1
1285546219666837509,-1,1
1285545831731429376,-1,1
1285540305459187712,-1,1
1285476740433936385,-2,1
1285469275751358464,-1,1
1284142474286563331,-1,1
1284131472933376003,-1,1
1284129945099341825,-1,1
1284124644014993411,-1,2
1284086979848790018,-1,1
1284086835631869952,-1,2
1284078278832279557,-1,1
1284077302339514368,-1,1
1284068256169566208,-1,1
1284064198063017984,-1,1
1284022891064053762,-1,1
1283784511722000384,-1,2
1283740661959647232,-1,1
1283717791003095040,-1,1
1283411842195501057,-1,1
1283405916637888514,-1,1
1283404358479208451,-1,1
1283403359341379585,-1,1
1283402261163638784,-1,2
1283398874481266689,-1,1
1283396474706042890,-1,1
1283394082094669824,-1,1
1283394065195819017,-2,1
1283392121815302149,-1,1
1283381169288085504,-1,1
1283378333435285505,-1,1
1283376254561988608,-1,1
1283375190928510979,-1,2
1283375187975602177,-1,2
1283370494570438657,-1,2
1283360076712091654,-1,2
1283301092240101378,-1,1
1283054540305072136,-1,1
1283053064845500417,-1,1
1283027231586091015,-1,1
1283012532039553025,-1,1
1281598925087047680,-1,2
1281150677209755649,-1,1
1281132943398879234,-1,1
1280833186411556868,-1,2
1280513293401063440,-1,1
1280471683141455873,-1,1
1280444492311560192,-1,1
1278979659749822469,-1,1
1278963615354302464,-1,1
1278690818186973185,-1,1
1278654485938790400,-1,1
1278610560540708864,-1,1
1278594075680288768,-1,1
1278591113360805888,-1,1
1278591109468499969,-2,1
1278585555920588800,-1,1
1278401933297008640,-1,1
1278324555501785093,-1,1
1278319274415841281,-1,2
1278264088007782401,-1,1
1278243583204745216,-1,1
1278229430205403139,-1,1
1278228860123975680,-3,1
1278219605505445888,-1,1
1278210222541148160,-1,1
1277941060350640130,-1,1
1277938404613853184,-1,1
1277932081750970370,-1,1
1277904907748683777,-1,1
1277892235728752642,-1,1
1277883240154640384,-1,1
1277865214873141248,-1,1
1277859506320486400,-1,1
1276780919181975552,-1,1
1276536467045695490,-1,1
1276536265089974272,-1,1
1276535674875916288,-1,1
1276499813140500480,-1,1
1276474647127752704,-1,1
1276416334482604032,-1,1
1276160732040757248,-1,1
1276133577516777473,-1,1
1276115553879568384,-1,1
1276111291313242113,-1,1
1276060658598121472,-1,1
1276060371418148865,-1,1
1276059692469555200,-1,1
1276059501452460033,-1,1
1276053582341701634,-1,1
1275869846706716672,-1,1
1275833195280433152,-1,1
1275791359392301056,-1,1
1275790664224169990,-1,1
1275782311460474880,-1,1
1275749262706585601,-1,1
1275730568408334338,-1,1
1275700424448921602,-1,1
1275498561355100162,-1,1
1275442533913395201,-1,2
1275433474174976007,-1,1
1275417112698380289,-1,1
1275415366118912001,-1,1
1275408602749186048,-1,2
1275407613291909122,-1,1
1275401915174735872,-1,1
1275372173201420290,-1,1
1275364471322574849,-1,1
1275363240936116225,-1,1
1275360350670589953,-1,1
1275359457820770304,-1,2
1275348831744524288,-1,1
1275059072140627971,-1,1
1275046892888604672,-1,1
1275040779455643648,-1,1
1275036658245742592,-1,1
1274930116439744515,-1,1
1274609120365215744,-1,2
1274059141804425222,-2,1
1273962582693601280,-1,1
1273948692861550597,-1,1
1273936425185140737,-1,2
1273627756249702402,-1,1
1273593214230986754,-1,1
1273590369322774528,-1,1
1273282023638081542,-1,1
1273279966671757316,-1,1
1273262526789189632,-1,1
1273182323761168389,-1,1
1272892373958381568,-1,1
1272862723563544578,-1,1
1272846481309958144,-1,1
1272825083346681856,-1,1
1272798218858958849,-1,1
1272142706748383233,-1,1
1272141657329336326,-1,1
1271418562176077824,-1,1
1271417915699613701,-1,1
1271396967395086337,-2,1
1271363562632609792,-1,1
1271054178593488896,-1,1
1271008470918221825,-1,1
1270719074125791232,-1,1
1270685762577747968,-1,1
1270665045668777984,-1,2
1270342298191216640,-1,1
1270323977748123649,-1,1
1270304274787033088,-1,1
1270300448524832769,-2,1
1270289536929673219,-1,1
1270277453060222977,-1,1
1270009609781219332,-1,1
1269985045651087360,-2,1
1269962419457134592,-1,1
1269932712095293440,-1,1
1269598787451969540,-1,1
1269591918092181505,-1,1
1269269532675317760,-1,1
1269241759684575232,-2,1
1269235844780634113,-1,1
1268908776943468554,-1,1
1268898478689746945,-1,1
1268896376357863426,-1,1
1268894313913757700,-1,2
1268891768537460736,-1,2
1268874133271650307,-1,1
1268863689626652678,-1,1
1268814909640491008,-1,1
1268563068096851971,-1,1
1268546807489069058,-2,1
1268514771030114305,-1,1
1268512901079465987,-1,1
1268481188580204544,-1,1
1268446589330259971,-1,1
1268444703420268544,-1,1
1268242025616478210,-1,1
1268225813155065860,-1,1
1268171972225179651,-2,1
1268159878599790592,-1,1
1268149316549517312,-1,1
1268112443219329024,-1,1
1267788187629498375,-1,1
1267436567783706627,-1,1
1267436408463130625,-1,1
1267434705898672128,-1,1
1267434447596589057,-1,1
1267425669874581504,-1,1
1267354710576685056,-1,1
1267078399773851649,-1,1
1267061517926760451,-1,1
1267046343387865089,-1,1
1267028645576683522,-1,1
1267002960946630656,-1,2
1266987675191595008,-1,1
1266709689355644930,-1,1
1266702665876209664,-1,1
1266417535441874944,-1,1
1266343511596695552,-1,1
1266321055301488642,-1,1
1266009933574799361,-1,1
1265976187211395077,-1,1
1265613799731744768,-1,1
1265296866092240896,-1,1
1265251387249754112,-1,1
1264919391180914689,-1,2
1264905350987292672,-2,1
1264904958350065664,-1,2
1264889000164298753,-1,1
1264867800054726656,-1,1
1264526591142572034,-1,1
1264440869903532033,-1,1
1264162918666567680,-1,1
1263801887809298435,-1,1
1263749330944622594,-1,1
1263437064890208256,-1,1
1263364211394121739,-1,1
1263096374318387201,-1,1
1263075606826233856,-1,1
1263013779043991552,-1,1
1263013725407186944,-1,1
1262996216020942849,-1,1
1262800218359312385,-1,1
1262790730617106433,-1,1
1262752266097811456,-1,1
1262714016276852736,-1,1
1262388811306348547,-1,1
1262372722144956416,-1,1
1262352273012899840,-1,1
1262345068985360384,-2,1
1261989864725262336,-1,1
1261638784480919553,-1,1
1261638438169784321,-1,1
1261633140944142336,-1,1
1261627488427483137,-1,1
1261287722007900161,-2,1
1261264353195671553,-1,1
1260902741305708545,-1,1
1260569937170612230,-1,1
1260540206500982787,-1,1
1260523092897599491,-1,1
1260247105299451908,-1,1
1260209111930724352,-1,1
1260182691594592256,-1,1
1260163025421701120,-1,1
1260151643863220224,-1,1
1260134290207248386,-1,1
1260116642694037504,-1,2
1259898338247356417,-1,1
1259850641670918144,-1,1
1259815667303399432,-1,1
1259810221368774656,-1,1
1259791484108357632,-1,1
1259785996553592832,-1,1
1259744348129972225,-1,1
1259453475911540736,-1,1
1259088732948439041,-1,1
1259051036083236864,-1,1
1258758959831355393,-1,1
1258750370802733060,-1,1
1258738456810962944,-1,1
1258733202421755905,-1,1
1258731021505306624,-1,1
1258681172864962560,-1,1
1258680710703067137,-1,1
1258669059585069056,-3,1
1258412372307464192,-1,1
1258395417378725893,-1,1
1258390405835558912,-1,1
1258366492258820098,-1,1
1258320787850887169,-1,1
1258298972336205824,-1,1
1258104468626984960,-1,2
1258103942401134604,-1,1
1258103649802354689,-1,1
1258100342396420099,-1,1
1258100282929676289,-1,1
1258100143955591171,-1,1
1258100091119788033,-1,1
1258099636323127296,-1,1
1258099086554791936,-1,1
1258098470562549765,-1,1
1258088360645726210,-1,1
1258002215958196227,-1,1
1257966648734121985,-1,1
1257932249523249152,-1,1
1257641236640522243,-1,1
1257567154414792705,-1,1
1257233724518862851,-1,1
1256914658511863808,-1,1
1256552085820145666,-1,1
1256191757466943488,-1,1
1255912661423972354,-1,1
1255868351307485184,-1,1
1255830299851796480,-1,1
1255802813155815424,-1,1
1255795052091183105,-1,1
1255514931258183680,-1,1
1255514114052546561,-1,1
1255466930120646658,-1,1
1255462562482851841,-1,1
1255456558693199875,-1,1
1255456553949376513,-1,1
1255454857210855425,-1,1
1255416028269555713,-1,1
1255142648664346628,-2,1
1255104542959636480,-1,1
1255102140760182786,-1,1
1255091785807859713,-1,1
1255085698870378499,-1,1
1255051873968685057,-1,2
1254742092145987585,-1,1
1254679598794780672,-1,1
1254377442388705280,-1,1
1254015547844579328,-1,1
1253941916191916041,-1,1
1253698505606074369,-1,1
1253653906271416320,-1,1
1253643403608363010,-1,2
1253383143442309120,-1,2
1253345451971153924,-1,1
1253332182300422147,-1,1
1253296764305788940,-1,1
1253271317425651712,-1,1
1253262567872638981,-1,1
1253254674414743554,-1,1
1253250290142318592,-1,1
1253041842830139392,-1,2
1252945331735625728,-1,1
1252931482751991808,-1,1
1252897372687958016,-1,1
1252667618584117251,-1,1
1252651758049992706,-1,1
1252642199097036805,-1,1
1252565413323509760,-1,1
1252264454542295040,-1,1
1252239266962460672,-2,1
1252206005724864512,-1,1
1252186364784893953,-1,1
1252174136551636992,-1,2
1251841229115064320,-1,1
1251480628551352321,-1,1
1251476193246928898,-1,1
1251184337049079808,-1,1
1251181435869966337,-1,2
1251148618100178953,-1,1
1251124408128884737,-1,1
1251061480172195844,-2,2
1250792705480953856,-1,1
1250757663509688320,-1,1
1250694946048393217,-1,1
1250683537231155202,-1,1
1250678224331460610,-1,1
1250513905396350976,-1,1
1250485830185103366,-1,1
1250469469186555904,-1,1
1250393459858395136,-1,1
1250113717565632514,-1,1
1250090788727525378,-1,1
1250061330717048835,-1,1
1250031515498614787,-1,1
1249993691604942855,-1,1
1249978258000666626,-1,1
1249668628548591617,-1,1
1249309060358459392,-1,1
1249230832637706240,-1,2
1249020158896717829,-1,1
1248983372988325896,-1,1
1248958861010223105,-1,1
1248941868852928512,-1,1
1248616326492344320,-1,1
1248608755161300994,-1,1
1248605913528676352,-1,1
1248591029890093056,-1,1
1248578970842472448,-1,2
1248551425946288128,-1,1
1248294749125201921,-1,1
1248216589821972488,-1,1
1248188968782495744,-1,1
1247887088529244160,-1,1
1247869519445590018,-2,1
1247856850466373634,-1,1
1247833428780896256,-1,1
1247826556594069505,-1,1
1247815221785374721,-1,1
1247796414421159936,-1,1
1247783932310908930,-1,1
1247577818487234562,-1,1
1247572180105338881,-1,1
1247520430627274752,-1,1
1247512789276602370,-1,1
1247511464316993536,-1,2
1247509415487561729,-1,2
1247492620198326272,-1,1
1247457946746978306,-1,1
1247449277565190145,-1,1
1247439357604216832,-2,1
1247162201216929795,-3,1
1247129333782777857,-1,1
1247101854296739845,-1,1
1247081869461651456,-1,1
1247081617857875968,-1,1
1246777899052662784,-1,1
1246407167344889857,-1,1
1246387583099318272,-3,1
1246107216584814593,-1,1
1246100986751574018,-1,1
1246052957315104768,-1,2
1246047483698065408,-1,1
1246017066236289024,-1,1
1245724203770413058,-1,1
1245682443832774656,-1,1
1245648796861620226,-2,1
1245623674733903872,-1,1
1245350924777816064,-1,1
1245320097708814338,-1,1
1245315480702910464,-1,2
1245293725200396288,-1,1
1245260157887676416,-1,1
1245046680636002310,-1,1
1245037956596973572,-1,1
1245002956472270850,-1,1
1244958419100057601,-1,1
1244946560284311554,-1,1
1244635801259999233,-1,1
1244600057309077510,-1,1
1244235222499102724,-1,1
1244158154960764928,-1,1
1243979703884677120,-1,1
1243929790316449793,-1,1
1243887354529681408,-1,1
1243638672643235848,-1,2
1243573226632105992,-1,1
1243569062573232129,-1,1
1243526416366518272,-1,1
1243466196340682752,-1,1
1243238701855055872,-1,1
1243224664903692288,-1,2
1243207733253492739,-1,1
1243199983777701889,-1,2
1243163202160078848,-1,1
1243130657259376641,-3,1
1243104614989398017,-1,1
1242872206901882881,-2,1
1242811934896017410,-1,1
1242793422441889793,-1,1
1242792887668088833,-1,1
1242792777898958848,-1,1
1242788504138104832,-1,1
1242788160905580545,-1,1
1242785351946637312,-1,1
1242783365440458755,-1,1
1242782439002517505,-1,1
1242781783843917826,-1,1
1242780342098046977,-1,1
1242772636268146691,-1,1
1242753870134157314,-2,1
1242496720967270404,-1,1
1242482451856781315,-2,1
1242437107769106432,-1,1
1242420411352088577,-1,2
1242409244986675200,-2,2
1242382565115396106,-2,1
1242340032570146818,-1,2
1242186920958078980,-1,1
1242160823851790339,-1,1
1242122371840049155,-1,2
1242104448895406082,-3,1
1242083502104985608,-1,1
1241817629737787392,-2,1
1241719476715913217,-1,1
1241687038472175616,-1,2
1241389012163661824,-1,1
1241349900371099649,-1,1
1241280344042745856,-1,1
1241059813880193024,-1,1
1241027565168590849,-1,1
1241022464131547138,-1,1
1240986681743941632,-1,1
1240731851603488770,-1,1
1240716400483680256,-1,1
1240712565933498368,-1,1
1240660983917486082,-1,1
1240646833086574593,-1,1
1240631463353167873,-1,1
1240582714308395008,-1,1
1240353284919091202,-1,1
1240309846538362881,-1,1
1240263605305643013,-1,1
1240218129848053763,-1,2
1240005568686743552,-1,1
1239950073758470146,-1,2
1239929491629191180,-1,1
1239924487606460418,-1,1
1239920663860858880,-1,1
1239900728476545025,-1,2
1239900574822420481,-1,1
1239891357059203072,-1,1
1239877645023744001,-2,1
1239853035507060736,-1,1
1239848121070428160,-1,1
1239663158639329281,-1,1
1239662203101425665,-1,1
1239661804273442816,-1,1
1239661658911449090,-1,1
1239661427939475456,-1,1
1239660903001477129,-1,2
1239660772344635400,-1,1
1239658509014380545,-1,1
1239644723587014665,-1,1
1239643754216259584,-2,1
1239611135646740486,-1,1
1239537631186337793,-1,1
1239526015115972608,-1,1
1239484713145962496,-1,1
1239476017435115520,-1,1
1239472146432380928,-1,1
1239240250733613058,-1,1
1239234099753242629,-1,1
1239174880094040064,-1,1
1238864050798370816,-1,1
1238823661911539715,-1,1
1238491003469942784,-1,1
1238449929737175042,-1,1
1238158633327828993,-1,1
1238118367803904003,-1,1
1238103014134743047,-1,1
1238088760618876929,-1,1
1238051009009717250,-1,1
1238039227176226817,-2,1
1237827725374689280,-1,1
1237729745938403333,-1,1
1237712296757125122,-1,1
1237710767350308865,-1,1
1237703669275136006,-1,1
1237699504238923776,-1,1
1237699026889388032,-1,1
1237696950901800962,-1,1
1237674616736399361,-1,1
1237635624741613568,-1,1
1237423278706343938,-1,1
1237364551009607681,-1,1
1237360377480052736,-1,1
1237352958695743489,-1,1
1237349795150409728,-1,1
1237339512067497984,-1,1
1237330766226391042,-3,1
1237285743036416002,-1,1
1237109738548211714,-1,1
1237095424214925312,-1,1
1237048572429959171,-1,1
1237001236718718976,-1,1
1237000388542435332,-1,1
1236984931965972481,-1,1
1236979170762260481,-3,2
1236978003399389184,-1,1
1236977558245330944,-1,1
1236977191843397632,-1,1
1236976800951160832,-1,1
1236975373335887877,-1,1
1236965782342569984,-1,1
1236965064030195713,-1,2
1236958659587997697,-1,1
1236940101428695040,-1,1
1236938481294811137,-1,1
1236938477884882944,-1,1
1236937603401895937,-1,1
1236936772074057728,-1,2
1236936536156971008,-1,1
1236930502889738240,-1,1
1236928942663065606,-1,1
1236926083351666688,-1,1
1236924405852377088,-1,1
1236906843332583424,-1,1
1236672207381762048,-1,1
1236671352687525890,-1,1
1236656898964951043,-1,2
1236652047082061825,-1,1
1236644520911044609,-1,1
1236355606904217607,-1,1
1236298335746699272,-1,1
1236280900436078593,-1,1
1236280849382936577,-1,1
1236230193515319296,-1,1
1236007780269658117,-1,2
1235974635524632576,-1,1
1235939979345477632,-1,2
1235913711468101633,-1,1
1235873788916621313,-1,2
1235869710362673153,-1,1
1235575783596441600,-1,1
1235572056936394753,-1,1
1235561039946792962,-1,1
1235560308481159170,-1,1
1235555614056738816,-1,1
1235554007109623808,-1,1
1235547506672455680,-1,1
1235542130438873089,-1,1
1235533900681801728,-1,1
1235533771614519297,-1,2
1235526945695297537,-1,1
1235524316642660353,-3,1
1235523353638731776,-1,1
1235522416098652160,-3,1
1235522099441090563,-1,1
1235507675737317377,-3,1
1235507558938378241,-1,1
1235489305885319169,-1,1
1235482204735762432,-1,1
1235241789377794048,-1,1
1235218452136300547,-2,1
1235207102722912257,-1,1
1235207090395848704,-2,1
1235207084423159811,-1,1
1235206539318874112,-1,1
1235206516610945025,-2,1
1235206512617885696,-1,1
1235184326800822274,-1,1
1234904989090353152,-1,1
1234896714802266116,-1,1
1234847864662220800,-1,1
1234845996028481542,-1,1
1234810611005034507,-1,1
1234796954217013249,-1,1
1234795394334384128,-1,1
1234507885108961281,-1,1
1234489384487079937,-3,1
1234488327690170369,-1,1
1234487149862539266,-1,1
1234486999698067457,-1,1
1234473950945726465,-1,1
1234465932589879303,-1,1
1234464264766808065,-1,1
1234458154223722498,-1,1
1234454833857548289,-1,1
1234453230891028480,-1,1
1234447561500626944,-1,1
1234444486559883266,-1,1
1234442562662019073,-1,2
1234442261351555074,-1,1
1234440656011091968,-1,1
1234435474699276288,-2,1
1234430286055772165,-1,1
1234430280880021504,-1,1
1234428294898102272,-2,1
1234425012016369666,-1,1
1234421034864041990,-1,1
1234418019385905152,-1,1
1234415007045124098,-1,1
1234374160211726342,-1,1
1234189367138291719,-1,1
1234156286931079170,-1,1
1234150746259677184,-1,1
1234127006108913665,-1,1
1234122835867656194,-1,1
1234091017822973953,-1,1
1234070893728534530,-1,1
1233857084892024832,-1,1
1233804139941040128,-1,1
1233774245668368390,-1,1
1233759443931848706,-1,1
1233759440295342081,-1,1
1233754304718213121,-1,1
1233753801473118208,-1,2
1233753211602907142,-1,1
1233752025290113025,-1,1
1233750926227365888,-1,1
1233745530188107778,-1,1
1233745526388121602,-1,1
1233742191240941568,-1,1
1233723466693664773,-1,2
1233720561077014529,-1,1
1233655041698996227,-1,2
1233411188999979012,-1,1
1233410408372998144,-1,1
1233407095506030592,-1,1
1233406222583422977,-1,2
1233405615164329984,-1,1
1233405351342563331,-1,1
1233403008538599426,-1,2
1233402303446736896,-1,1
1233394470504275968,-1,1
1233387910810001409,-1,1
1233380330586943489,-1,1
1233378976913121281,-1,1
1233377357681000449,-1,1
1233377326475415553,-1,1
1233375730408529920,-1,1
1233367736400699393,-3,1
1233355216726167552,-1,2
1233351532822876160,-1,1
1233341628775047168,-2,1
1233337936780910592,-1,1
1233337623038525441,-1,1
1233329156483682309,-1,1
1233326141563441153,-1,1
1233323927000305664,-1,1
1233323917193945088,-1,1
1233322414760775681,-1,1
1233302938489151488,-1,1
1233302124605399040,-1,1
1233124800865939458,-1,1
1233076245216342017,-1,1
1233067370589061121,-1,1
1233065498696470529,-1,2
1233063682529206272,-1,1
1233063279481806848,-1,1
1233061019104292866,-1,2
1233059653422133248,-1,1
1233059311405928451,-2,1
1233057949729402880,-1,1
1233051173751545858,-1,1
1233051054654267394,-1,1
1233050437789634561,-1,1
1233045918301196290,-2,1
1233035816458432519,-1,1
1233034927895175168,-1,1
1233034657668780032,-1,1
1233033601966596099,-1,1
1233026246302478336,-1,1
1233024132943622146,-1,1
1233024086621773825,-1,1
1233022854079434752,-1,1
1233018111965749251,-1,1
1233010683064786946,-1,1
1233006285467066369,-1,2
1233001195641372672,-1,1
1233000864773738496,-1,1
1232999652603170818,-1,1
1232999016566267907,-1,1
1232997401830592512,-1,1
1232996155283431424,-1,1
1232995940933545985,-1,1
1232995938119094273,-1,1
1232994204441305088,-1,1
1232993662960795650,-1,1
1232986751976820737,-1,2
1232984784265240576,-1,1
1232981437546213376,-1,2
1232965275848409088,-1,1
1232964661751971841,-1,1
1232962924462968833,-2,1
1232959548178288641,-1,2
1232958424935256070,-1,1
1232958420292177920,-1,1
1232938898009022464,-1,1
1232712085152391171,-1,1
1232711527515459584,-1,1
1232710541753319425,-1,1
1232708695395577856,-1,1
1232707085185536002,-1,1
1232704582532378626,-1,1
1232699650844614657,-1,1
1232697031526952961,-1,1
1232696896721784832,-1,2
1232696534678036480,-1,1
1232696217655795714,-1,1
1232695939883839490,-1,1
1232695091980066816,-2,1
1232694407721312256,-1,1
1232693479714803713,-1,1
1232687771321536512,-1,1
1232682295284334593,-1,1
1232676767330160641,-1,1
1232667406260211714,-2,1
1232665121840943106,-1,1
1232663296127504396,-1,1
1232663017927663616,-1,1
1232660898642374656,-2,1
1232660495578140672,-1,1
1232654380119314433,-1,1
1232618611187081221,-2,1
1232616181976178696,-1,1
1232614704255819776,-1,1
1232612985257984000,-1,2
1232611502139547648,-1,1
1232611499111329792,-1,1
1232602648349741056,-1,1
1232599272085913600,-1,1
1232596061526675456,-1,1
1232595679152943104,-1,1
1232591220502913025,-1,1
1232436902659153920,-1,1
1232381511703420928,-1,1
1232318995505664001,-1,1
1232318647013523457,-1,1
1232318191264681984,-1,1
1232317128281186306,-1,1
1232317122090434561,-1,1
1232316688684576770,-1,1
1232315460437209089,-1,1
1232302483134976001,-1,2
1232287349893206019,-1,1
1232284883264905217,-1,1
1232282324252925952,-1,1
1232281553352478721,-1,1
1232279698668998659,-1,1
1232279476198834182,-1,1
1232271157832953856,-1,2
1232270939318038529,-1,1
1232270469157588993,-1,1
1232269716753874944,-1,1
1232265473162694658,-2,1
1232264455058345984,-1,1
1232262035884400641,-2,1
1232261235674144768,-1,1
1232258145315119104,-1,1
1232256811253850112,-1,1
1232246697365057536,-1,1
1232228242184163328,-1,2
1232227868693991424,-1,1
1232227863551758336,-1,1
1232217330945527809,-1,1
1232212615788716032,-1,1
1232212043379486720,-1,1
1232211002923638784,-1,1
1232210991250890752,-1,1
1232208974096879616,-1,1
1232208542909784064,-1,1
1232208117447974912,-1,1
1232206107235495937,-3,1
1231946906605146113,-1,1
1231924689473298433,-1,1
1231922282760744961,-1,1
1231921884905734145,-1,1
1231921345673519106,-1,1
1231921128341483525,-1,1
1231921124948226049,-2,1
1231920330010222593,-1,1
1231919768501915649,-1,1
1231918092009267201,-2,1
1231917589821100034,-1,1
1231915096005324800,-1,1
1231914385532162056,-1,1
1231904231600394242,-1,1
1231903905279291392,-1,1
1231903077936005121,-1,1
1231890114252595207,-1,1
1231890108883886080,-1,1
1231889631215542272,-1,1
1231889623477084160,-1,1
1231873489168142336,-1,1
1231871366217027584,-1,1
1231870311722823681,-1,1
1231868757301243904,-1,2
1231164396866605056,-1,1
1230859856422330369,-1,1
1230849944376029185,-1,1
1230840543510507520,-1,1
1230835970167185410,-1,1
1230833894435557377,-1,1
1230499819392786433,-1,1
1230492567965511680,-1,1
1230483544297934850,-1,1
1230483390220115968,-1,1
1230478110296023043,-1,1
1230478105384488966,-2,1
1230477299696447488,-2,1
1230470503535644673,-1,1
1230465163062632448,-1,1
1230464709457072129,-1,1
1230463255912435713,-1,1
1230462697009012737,-1,1
1230438623759228929,-1,1
1230438016310763522,-1,1
1230423200921792513,-1,1
1230108621536727040,-1,1
1230106946511998976,-1,1
1230068297959387139,-2,1
1230051522685423616,-1,1
1229794856815468547,-1,1
1229787777157476353,-1,2
1229784191237226499,-1,1
1229752777758343169,-2,2
1229750470803148801,-3,1
1229720900326559745,-1,1
1229719734595260417,-1,2
1229700716865957888,-1,1
1229700713334411265,-2,1
1229699542033031168,-2,1
1229698736475033600,-1,1
1229694654637051905,-1,1
1229680817749856257,-1,1
1229445457417588738,-1,1
1229433299774459904,-1,1
1229430262259441664,-1,1
1229398582366736386,-1,1
1229394580207960065,-1,1
1229392977119862785,-1,1
1229392350226632706,-1,1
1229391859920842752,-1,1
1229390843473276929,-1,1
1229389484334223360,-2,1
1229388865410039809,-2,1
1229388653887135745,-2,1
1229387108512604160,-1,1
1229386522211823616,-1,1
1229378509535162369,-1,1
1229335223726419968,-1,1
1228662902862884867,-1,1
1228358247024877568,-1,1
1228317838483611649,-1,1
1228284258625708033,-1,1
1228277302599016450,-1,2
1228270001712508929,-1,1
1228267157773070337,-1,1
1228265524343246848,-1,1
1228256376402718721,-1,1
1228256373324075008,-2,2
1228254905678340096,-1,1
1228254111788929025,-1,1
1228244157665304576,-1,2
1227973596955496451,-1,1
1227965400555687936,-2,1
1227953839363457025,-1,1
1227950138288635904,-1,1
1227937579208773634,-1,1
1227935698617032705,-1,1
1227931362558128129,-1,1
1227930444869652481,-1,1
1227912669447049219,-2,2
1227908524606283778,-2,2
1227899741247279104,-1,1
1227887257593565184,-1,1
1227881006813847553,-1,1
1227880996562968576,-1,1
1227880170779967493,-1,1
1227871810210992128,-1,2
1227871522548781061,-1,1
1227647212643143682,-1,1
1227597849694785536,-1,1
1227588727112970241,-1,1
1227581755672145922,-2,1
1227573703954894849,-1,1
1227571228988334085,-1,1
1227569339634765824,-1,1
1227568847374442496,-1,1
1227568188172488709,-1,1
1227568180756918272,-1,1
1227567719274438656,-1,1
1227567703612940289,-1,1
1227566065208713217,-1,1
1227565896857722884,-1,1
1227565722680877057,-1,1
1227565547078012930,-3,1
1227565185273081857,-1,1
1227565173034098688,-1,1
1227564181496516609,-1,2
1227564162500440066,-2,1
1227563205939073024,-1,1
1227563195503652864,-1,1
1227563031896494086,-1,1
1227562987365511168,-1,1
1227562549509525504,-1,1
1227562517620314114,-1,1
1227562338183716865,-1,1
1227562319070343169,-1,1
1227547141737984000,-1,1
1227541088749133824,-2,2
1227534996111491073,-1,1
1227272356856553473,-1,2
1227232621391904769,-1,1
1227231024419135493,-1,1
1227230342282727424,-1,1
1227217062109511681,-1,1
1227213968759980034,-1,2
1227196248928739329,-1,1
1227195962541723648,-1,1
1227195283676811264,-1,1
1227193988614098949,-1,1
1227190430409875457,-3,1
1227185596566843392,-1,1
1227159579508781057,-1,1
1227158383947636736,-1,1
1227155321132634112,-1,1
1227154094235754496,-1,1
1227148534509686784,-1,1
1226896595163209728,-1,1
1226894264489140226,-1,1
1226892048260792321,-1,1
1226886478422212608,-1,1
1226885086215331840,-1,1
1226882530340720640,-1,1
1226881701047144448,-1,1
1226874483782438914,-1,1
1226861564684357637,-1,1
1226851899955130369,-1,1
1226843997878063106,-1,1
1226835148815118336,-1,1
1226829394464911360,-1,1
1226828688710348800,-1,1
1226826837025787905,-1,1
1226818862164869121,-1,2
1226815486505209857,-1,1
1226799669361115136,-1,1
1226799232197197829,-1,1
1226786606096494593,-1,2
1226530860712763396,-2,1
1226511897622720513,-1,1
1226508488215597056,-1,1
1226505948245766144,-1,1
1226504762218209282,-1,1
1226499754860974080,-1,1
1226499072812552192,-1,1
1226495656199704576,-1,1
1226487966236803072,-1,1
1226470243276554240,-1,1
1226468865498140672,-1,1
1226468094413025282,-1,1
1226466544839950337,-2,1
1226463381441437696,-1,1
1226463377884499968,-1,1
1226459172423770112,-2,2
1226456367562706944,-2,1
1226449441433030657,-1,1
1226448504928772097,-1,1
1226446009242464257,-1,1
1226444129091059713,-1,1
1226444045771247616,-1,1
1226443445281095680,-1,1
1226443212367200261,-1,1
1226442149908140033,-1,1
1226438077381517313,-1,1
1226436023657410560,-1,1
1226435527232102401,-1,1
1226434417406730240,-1,1
1226433851259543553,-1,1
1226431889055125504,-1,1
1226431364716691456,-1,1
1226429735405793289,-1,1
1226140556222455809,-1,1
1226132794008592384,-1,2
1226126784833388544,-1,1
1226126566066991104,-1,1
1226101618304790528,-1,1
1226098421494435842,-1,1
1226083655866560512,-1,1
1225835569084817408,-1,1
1225835252880412673,-1,2
1225806936316227584,-1,1
1225805748720095232,-1,1
1225803883886370816,-1,1
1225801282033770496,-1,1
1225800927459913730,-1,2
1225800418757922819,-1,1
1225796205466259456,-1,1
1225795574626226176,-1,1
1225793313602707459,-1,1
1225793308926017537,-1,1
1225790751738601472,-1,1
1225788691790127104,-1,1
1225787592442097665,-1,1
1225786438614179840,-1,1
1225779068639031296,-1,1
1225775519880433666,-1,1
1225772153792012288,-1,1
1225771578102894594,-1,1
1225771343465132032,-1,1
1225770719738503168,-1,1
1225769781799858176,-2,2
1225768359574327297,-1,1
1225767899777916929,-1,1
1225765312051716097,-1,1
1225763060599676934,-1,1
1225762627135168512,-1,1
1225761465447174145,-1,1
1225760541953658886,-1,1
1225760175669350400,-3,1
1225759537484967936,-1,1
1225718804191338496,-1,1
1225712946912821249,-1,1
1225709165580079104,-3,1
1225708338685632513,-1,1
1225706865444753408,-1,1
1225706224710234113,-1,1
1225705488135880704,-1,1
1225705483488694272,-1,1
1225445180104478720,-1,1
1225444422084694016,-2,1
1225441533836644355,-1,1
1225441523829002240,-2,1
1225435267370229761,-1,2
1225428780061249537,-1,1
1225427883772071939,-1,2
1225427120027054080,-1,1
1225425385803915266,-1,1
1225421117432700929,-2,1
1225420679782293504,-1,1
1225383461588029445,-1,2
1225375774833860608,-1,1
1225367076602351616,-1,1
1225349947748503552,-1,1
1225348907389071361,-2,1
1225343967581085696,-1,2
1225081406881173507,-2,1
1225080621200039936,-2,1
1225076699093663744,-1,1
1225074918192222208,-1,1
1225074915159744518,-1,1
1225069796078817281,-1,1
1225069789976104961,-1,1
1225067244641824769,-2,1
1225066852889526272,-1,1
1225066099223465990,-1,1
1225063963223896064,-1,1
1225061584797650944,-2,1
1225032943715979266,-1,1
1225031460375187456,-1,1
1225028184573468673,-1,1
1225024965327622144,-1,1
1225024752777121792,-1,1
1225022418265288705,-2,1
1225022414645534720,-1,1
1225020359256301569,-3,1
1225019862956806146,-1,1
1225019394469830656,-1,1
1225019054538264578,-2,1
1225019048813002753,-1,1
1225017392432144384,-1,1
1225017046565519366,-1,1
1225017042199334912,-1,1
1225016305755000838,-1,1
1225015889835237376,-1,1
1225015405145722880,-1,1
1225013899180855296,-1,1
1225013001268408320,-1,1
1225012313515855879,-1,1
1225010998064701440,-1,1
1225009504313659392,-1,1
1225008951370092544,-1,1
1225008593029734402,-1,1
1225008224069439488,-1,1
1225007485188218885,-1,1
1225007418582716416,-1,1
1225006698932449280,-1,2
1225005288107008001,-1,2
1224993947010916352,-1,2
1224993610573262848,-1,1
1224993609948286981,-2,1
1224991738747662336,-1,1
1224991423507959813,-1,1
1224988447745695744,-1,1
1224988074511388672,-1,1
1224987881858576385,-1,1
1224987343079137281,-1,1
1224979568756391936,-2,1
1224713269929283584,-2,1
1224713002697490432,-1,1
1224698820782624770,-1,1
1224692314330796032,-1,1
1224687331128610817,-1,1
1224687327932534786,-1,2
1224687121623080962,-1,1
1224687117843996673,-1,2
1224686705632038913,-1,1
1224673118800744448,-1,1
1224673030099623936,-2,1
1224667751572279297,-1,1
1224666338515456001,-1,1
1224649609768849408,-1,1
1224643494855299075,-1,1
1224639574221172739,-1,1
1224623252254920707,-1,2
1224619327447539712,-1,1
1224614311961726976,-1,1
1224613530034429953,-1,1
1224610595225382912,-2,1
1224610592109056000,-1,1
1224597662806216704,-1,1
1224597656447717378,-1,1
1224580209678213120,-1,1
1224573303865724928,-1,2
1224448251455139840,-1,1
1224416200198934533,-2,1
1224412957058183168,-1,1
1224412575846236160,-1,1
1224412572985843713,-1,2
1224411823262306310,-1,1
1224411532890640387,-2,1
1224411145940938755,-1,1
1224411143034286086,-1,1
1224410922283884544,-1,1
1224410919352008705,-1,1
1224410807120945154,-1,1
1224410803962634245,-1,1
1224334536928112641,-1,1
1224324899751301120,-1,1
1224323157957447680,-1,1
1224321563136286720,-1,1
1224319632833761280,-1,1
1224318043783909378,-1,1
1224310899189653504,-1,1
1224310764401561602,-1,1
1224308114100572160,-1,1
1224307620133179394,-1,1
1224307193077534724,-1,1
1224301701148168199,-1,1
1224299752893964289,-1,1
1224298787142885377,-1,1
1224297782867038208,-1,1
1224297603644428290,-1,1
1224286805979279360,-1,1
1224284068638011393,-1,1
1224282596554760199,-3,1
1224282592658280448,-1,1
1224280850717650944,-2,1
1224278329861251078,-1,1
1224276559571361792,-1,1
1224276525844922369,-1,2
1224270853145317377,-1,1
1224270848812638213,-1,2
1224267283167686656,-1,1
1224265777236324352,-1,1
1224253245457141760,-1,1
1224250453661233152,-1,1
1224250074978553856,-1,1
1224242679598501894,-1,2
1224242676607922177,-1,2
1224241768025198592,-1,1
1224241764015448064,-1,1
1224066597591158787,-1,1
1224065490160619521,-1,1
1224064739984269313,-1,1
1224063595920723968,-1,1
1224060641654312960,-1,1
1224059113262538752,-1,1
1224018299786231809,-1,2
1224014685579677698,-2,1
1223987389925855232,-1,1
1223903868473544704,-1,1
1223903864434429954,-1,1
1223664991938760705,-1,2
1223590615054716930,-1,1
1223589736813559809,-1,1
1223589713908465665,-1,1
1223586575050776576,-1,1
1223585123171471360,-1,2
1223583128461172737,-1,1
1223583124413648896,-1,1
1223580562029531136,-1,1
1223577021357477888,-1,1
1223561455871627265,-2,1
1223561210748194817,-2,1
1223560115024023553,-1,1
1223533548415725568,-1,1
1223532154732384257,-1,1
1223528849452994565,-1,1
1223283318495633408,-1,1
1223282740566614018,-2,1
1223282143473864709,-1,1
1223281024391622656,-1,1
1223260645031890945,-1,1
1223259640005386240,-1,2
1223253025151692807,-1,1
1223236000383750144,-1,1
1223224742133608449,-1,1
1223223342905339905,-1,1
1223220147202281472,-1,1
1223220143121215488,-1,1
1223217516631207936,-1,1
1223214026353709061,-1,1
1223214018682376193,-1,2
1223211846351695872,-1,1
1223199904031559681,-1,1
1223199188789473281,-2,1
1223194138989993984,-1,1
1223191062564495361,-1,1
1223190838211162113,-1,2
1223189157968781313,-1,1
1223189150620319745,-1,1
1223187857214451712,-1,1
1223187719159001088,-2,1
1223187715421888517,-2,1
1223187083797389312,-1,1
1223186842222235649,-1,1
1223185641577558021,-1,1
1223180371572994050,-1,1
1223176635496771584,-2,1
1223171531615981568,-1,1
1223171219492569088,-1,1
1223171216745402368,-1,1
1223167993464721408,-1,1
1223167990671269888,-2,2
1223166766798557184,-1,1
1222901949088944134,-1,1
1222894342307606529,-2,1
1222893042736099329,-1,1
1222889761708396544,-1,1
1222884503288455168,-1,1
1222884499673010176,-1,1
1222883828437594113,-1,1
1222879589208403968,-1,1
1222878451381821440,-1,1
1222868164209451008,-1,1
1222862008116219906,-1,1
1222861215938023426,-1,1
1222861212498767872,-1,2
1222859285920669700,-1,1
1222858237214625804,-1,2
1222857544575733762,-1,2
1222856704586584065,-1,1
1222855189637607425,-1,1
1222854838406516736,-1,1
1222853557243797504,-1,1
1222852169914818560,-1,1
1222851589335134208,-1,1
1222851581365846016,-1,1
1222851132860633088,-1,1
1222851128251101184,-1,1
1222850358084558848,-1,1
1222848774873153540,-1,1
1222844716263313408,-1,1
1222844601138077696,-1,1
1222843876462993409,-1,1
1222843461843521536,-1,1
1222842993444560897,-1,2
1222841918775791616,-1,1
1222841556467625984,-1,1
1222840580859990017,-1,1
1222839064472293377,-1,1
1222834160999501825,-1,1
1222823388311363585,-2,1
1222771419299373058,-1,1
1222550380598505472,-1,1
1222545867456028672,-2,1
1222542964850937857,-1,1
1222542959507378176,-1,1
1222541397049401344,-1,1
1222541392901218304,-1,2
1222521278122295296,-1,2
1222521205326073857,-1,1
1222520473185136646,-1,1
1222520464435818496,-1,1
1222492038651957249,-1,2
1222465898134626304,-1,1
1222461874668699648,-1,2
1222450866462109696,-1,1
1222450861567291393,-1,1
1222449354046345217,-1,1
1222449336107270144,-1,1
1222440007685877761,-1,1
1222434228513705984,-1,1
1222433983948107778,-1,1
1222433232341405702,-1,1
1222433228214153216,-2,1
1222432938014511104,-1,1
1222431998402277377,-1,1
1222430721077366785,-1,1
1222192109811392512,-1,1
1222186426953031680,-1,1
1222186423920537601,-1,1
1222185072465498112,-1,1
1222182375972577280,-1,1
1222177177657102338,-1,1
1222175686154166277,-1,1
1222175680680595456,-1,1
1222175052344377344,-1,1
1222174902691733504,-1,1
1222166007956918272,-1,1
1222163609981243392,-1,1
1222163262286049280,-1,1
1222162525073969154,-1,1
1222162519260831744,-1,1
1222155699880386562,-1,1
1222155477007716353,-1,2
1222155473312538625,-1,2
1222154929399369729,-1,1
1222153694994751488,-2,1
1222152472409657345,-1,2
1222152469419122689,-1,1
1222147694963175425,-1,2
1222147692018786305,-1,1
1222147326740922377,-1,2
1222147323863670784,-1,1
1222147234969673728,-2,2
1222147231874191360,-1,1
1222147138660052992,-1,2
1222147135694614528,-1,1
1222146888520159232,-1,2
1222146885538000901,-1,1
1222144060842037250,-1,1
1222144054848360449,-1,1
1222143453674471425,-1,2
1222143448851066880,-1,2
1222113665752666113,-1,1
1222099763740454912,-1,1
1222099759541948417,-1,1
1222098952117542913,-1,1
1222098948883714049,-1,1
1222098360431206403,-1,1
1222098252994088961,-2,2
1222098126691033088,-1,2
1222098123654418432,-1,2
1222094494524485633,-1,1
1222094209370542081,-1,1
1222092615190970369,-1,1
1222087385690910721,-1,1
1222079235021471744,-2,1
1222077459346219009,-1,1
1222077455554486273,-1,1
1222076160818827264,-1,1
1222075068777365505,-1,1
1222075064016830466,-1,1
1222071116325322753,-1,1
1222069679872712704,-1,1
1222069672847249414,-1,1
1222068957869412352,-1,1
1222068113409265664,-3,1
1222067074236850177,-1,1
1222064473839755264,-3,2
1222062336976048128,-1,1
1222062331825475585,-1,1
1222059872818225153,-1,2
1221833563550687232,-1,2
1221832304403865600,-1,2
1221820864624316416,-1,1
1221817365136125953,-1,1
1221816826658721794,-1,1
1221816564342755329,-1,1
1221815944261046278,-1,1
1221815168872697856,-1,1
1221814594244698114,-1,1
1221813521056485382,-1,2
1221813105497399297,-1,1
1221811188088086530,-2,1
1221811044579979264,-1,1
1221811041807585282,-1,1
1221810100018601986,-1,1
1221810037921918982,-2,1
1221808021753430018,-2,1
1221802572685762560,-1,1
1221795266141073408,-1,1
1221795262462644230,-1,1
1221793242083217409,-1,2
1221787646969679872,-1,1
1221787434297544704,-1,2
1221784565435510787,-1,1
1221784562390441985,-1,1
1221783991990263809,-1,1
1221783988588752897,-1,2
1221782370019430401,-1,1
1221782367335043072,-2,1
1221782029102129152,-1,1
1221781491719512064,-1,1
1221781488930258946,-1,1
1221764078806478851,-1,1
1221764075149053957,-1,1
1221759755900858369,-1,1
1221759752939671552,-1,1
1221758216629080064,-1,1
1221726757340045317,-1,1
1221725736890925056,-1,1
1221724184545546240,-1,2
1221539991823798274,-1,1
1221539989038817280,-1,1
1221539691515797504,-1,1
1221539687489318920,-1,1
1221498019645992960,-1,1
1221488989380673536,-1,1
1221477870058528774,-1,1
1221475360140931072,-1,1
1221475056137703426,-1,1
1221474399955705856,-1,1
1221471724379787269,-1,1
1221470876069257217,-2,1
1221468200904331264,-1,1
1221436784602746882,-1,1
1221429401637859334,-1,1
1221427337553678341,-1,1
1221425888409071616,-1,1
1221388581912051713,-1,1
1221387768074514432,-1,1
1221387623576543232,-1,1
1221387068535975937,-2,1
1221354513816260608,-1,1
1221352121578262528,-1,1
1221075351780065280,-1,1
1221073478117470214,-1,2
1221059860973920258,-1,1
1221056575043002368,-1,1
1221055740904984576,-1,2
1220999758355017728,-1,1
1220993502542278656,-1,1
1220992249280024576,-1,1
1220991506586177536,-1,1
1220838472958840835,-1,1
1220749160103796737,-1,2
1220747950814572544,-1,2
1220740827204456450,-1,1
1220734001511632896,-1,2
1220732518116265985,-1,1
1220722106159243265,-1,1
1220717815340158978,-1,1
1220696947490795520,-1,1
1220663430669127680,-1,1
1220630739391336448,-1,1
1220367235191136257,-1,1
1220359616309100545,-2,2
1220351556719194113,-1,1
1220345756118388739,-1,2
1220343646672883714,-1,1
1220342746415816709,-1,1
1220340483349676032,-1,1
1220334326468042752,-1,1
1220331167507013633,-1,2
1220317080450490368,-1,1
1220300788985143300,-1,1
1220293500278841344,-1,1
1220270325134434304,-1,1
1220263333829529600,-1,1
1220262842466816000,-1,1
1220011670606680069,-1,1
1219993901177737216,-2,1
1219946335157264384,-1,1
1219944452040597505,-1,1
1219943939177881606,-1,1
1219912489372213248,-3,1
1219908991083601925,-1,1
1219908254819594240,-1,1
1219907872479481856,-1,1
1219907387932532737,-1,1
1219903407139577857,-1,1
1219686368558960642,-1,2
1219685939053764608,-1,2
1219679377434324992,-1,1
1219671480499425280,-1,1
1219667242444562437,-1,1
1219666070077870080,-1,1
1219665435278311425,-2,1
1219664178782359555,-1,1
1219659084527480834,-1,1
1219658019421769728,-1,1
1219656221126549505,-1,1
1219652691724554240,-1,1
1219649962222465026,-1,1
1219647275032629248,-1,1
1219635977787973637,-1,1
1219632388868857859,-1,1
1219632033481285635,-1,1
1219630863417212929,-1,1
1219629585622544384,-2,2
1219618875555315712,-1,1
1219612377152442368,-1,1
1219585991612227584,-1,1
1219585223157080066,-1,1
1219537970732072960,-1,2
1219528535276171265,-2,1
1219524083563552768,-1,1
